MonsterID,Eng. Name,Jp. Name,Icon,Rarity,HP,ATK,RCV,Att 1,Att 2,Type 1,Type 2,Type 3,Active,Obtain,,,,
1,"Smithing God, Hephaestus Dragon",鍛煉神・ヘパイストス＝ドラゴン,ico,10,48400,2200,2000,1,0,6,1,0,0,n/a,,,,
2,"Burning Time Dragonbound, Myr (Miru)",焔刻の時龍契士・ミル,ico,10,43800,1710,6600,1,0,1,7,0,0,Red Myr (Miru) Armor Drop Medal.,,,,
3,"White Rainbow Ark, Noah Dragon",聖舶神・ノア＝ドラゴン,ico,10,60000,1500,1500,2,0,6,1,0,0,n/a,,,,
4,"Original Goddess, Gaia Dragon",起源神・ガイア＝ドラゴン,ico,10,55000,1700,1800,3,0,6,1,0,0,n/a,,,,
5,"Shimmering Thunder Goddess, Hera Dragon",聖舶神・ノア＝ドラゴン,ico,10,52800,2100,3000,5,0,6,1,0,0,Light Hera Dragon Armor Drop Medal,,,,
6,"Almighty God, Zeus Dragon",全能神・ゼウス＝ドラゴン,ico,10,50000,2000,3000,5,0,1,0,0,0,n/a,,,,
7,"Guardian of the Imperial Capital, Athena",帝都の守護神・アテナ,ico,10,26220,2101,0,4,2,6,7,0,0,Dark Athena Armor Drop Medal,,,,
8,"Darkness Goddess, Hera Dragon",暗黒神・ヘラ＝ドラゴン,ico,10,48000,2100,3000,4,0,6,1,0,0,n/a,,,,
9,"Holy Night Visitor, Gremory",聖夜の来訪者・グレモリー,Ico,9,50020,1701,6000,1,0,7,2,0,0,Christmas Event,,,,
10,"Potshot Steel Star Goddess, Scheat",砲瓶の鋼星神・シェアト,ico,9,50550,1553,5000,2,1,6,2,0,0,48 hr Search Event,,,,
11,"Augite Dragon Emperor, Sherias Roots",輝石の龍帝王・シェリアス＝ルーツ,ico,9,42180,1657,3580,5,1,1,2,0,0,48 hr Search Event,,,,
12,"Morning Sun Dragon Caller, Kanna",朝陽の日龍喚士・カンナ,ico,9,38780,1550,4030,5,5,1,6,0,0,48 hr Search Event,,,,
13,"Ancient Castle Phantom, Dragon Caller Sonia Gran",古城の亡霊・龍喚士ソニア＝グラン,ico,9,42780,1808,3610,5,4,1,7,0,0,Halloween Event,,,,
14,"Steel Star God, Eschamali",救秤の鋼星神・エスカマリ,ico,9,44050,1805,2930,4,5,6,7,0,0,48 hr Search Event,,,,
15,Omega Rugal,オメガ・ルガール,ico,9,32020,1802,2350,4,4,7,5,0,0,King of Fighter Collab,,,,
16,Ancient Fire Dragon,火古龍,Ico,8,35400,1943,4530,1,1,1,6,0,0,n/a,,,,
17,"Explosive Demon Lord, Belial",爆轟の魔神卿・ベリアル,ico,8,40400,1606,3270,1,1,7,3,0,0,n/a,,,,
18,Awoken Dancing Queen Hera-1Ur,覚醒ヘラ・ウルズ↑↑,ico,8,43730,1728,1220,1,1,7,0,0,0,n/a,,,,
19,Kyo Kusanagi,草薙京,ico,8,49390,1968,510,1,1,5,3,0,0,King of Fighters Collab,,,,
20,"Scorching Dragon Angel, Uriel",灼龍の熾天使・ウリエル,ico,8,25450,1892,6060,1,1,6,1,0,0,n/a,,,,
21,"Treasure Blade Dragon, Drahklist",宝剣龍・ドラクリスト,ico,8,33480,2684,730,1,3,1,5,0,0,n/a,,,,
22,"Scarlet Sky Flame Dragon Caller, Tsubaki",緋空の焔龍喚士・ツバキ,ico,8,40130,1657,2980,1,5,1,6,0,0,n/a,,,,
23,"Mistress of the Sanctuary, Kali",聖堂の女主神・カーリー,ico,8,40250,2074,4050,1,4,6,1,0,0,Christmas Event,,,,
24,"God of the Destroying Lance, Odin",滅槍の幻術神・オーディン,ico,8,50270,2143,1540,1,4,6,5,0,0,n/a,,,,
25,Reincarnated Shiva,転生シヴァ,ico,8,43610,2615,1230,1,4,5,7,0,0,n/a,,,,
26,"Red Dragon Caller, Sonia",赤龍喚士・ソニア,ico,8,30970,1875,1650,1,4,1,7,0,0,n/a,,,,
27,"Unyielding Samurai Dragon King, Zaerog",不屈の戦国龍王・ゼローグ,ico,8,32800,2020,0,1,4,1,5,0,0,n/a,,,,
28,"Enthusiast Red Dragonbound, Gadius",忘我の赤龍契士・ガディウス,ico,8,36760,1204,7530,1,5,1,4,0,0,n/a,,,,
29,Mai Shiranui,不知火舞,ico,8,38830,1873,4260,1,5,2,0,0,0,King of Fighters Collab,,,,
30,Terry Bogard,テリー・ボガード,ico,8,40450,2398,600,1,5,5,3,0,0,King of Fighters Collab,,,,
31,"Confusing Face Great Duke of Hell, Dantalion.",狂面の魔公爵・ダンタリオン,ico,8,45040,2303,2660,1,0,7,5,0,0,n/a,,,,
32,"Blue Dragonbound, Gadius Eye",忘想の青龍契士・ガディウス＝アイ,ico,8,36760,1204,7530,2,1,1,5,0,0,n/a,,,,
33,Ancient Water Dragon,水古龍,ico,8,41780,1831,3540,2,2,1,6,0,0,n/a,,,,
34,"Divinized Archangel, Gabriel",神成の大天使・ガブリエル,ico,8,25380,1719,7230,2,2,6,4,0,0,n/a,,,,
35,"Permafrost Queen, Hera-1Is",澪王妃・ヘラ・イース,ico,8,42050,1534,4280,2,2,7,0,0,0,n/a,,,,
36,"Desiring Princess of Hell, Sitri",愛楽の魔君主・シトリー,ico,8,33060,1377,8350,2,2,7,4,0,0,n/a,,,,
37,"Resolved Demon Lord, Amon",我道の魔神卿・アモン,ico,8,38950,1363,5130,2,5,7,3,0,0,n/a,,,,
38,Reincarnated Lakshimi,転生ラクシュミー,ico,8,54100,1962,2000,2,5,3,6,0,0,n/a,,,,
39,"Pure Winged Dragon Knight God, Sherias",浄翼の龍騎神・シェリアス,ico,8,40280,1633,2900,2,5,1,6,0,0,n/a,,,,
40,"Indigo Ocean Water Dragon Caller, Sumire",藍海の水龍喚士・スミレ,ico,8,48030,1305,1210,2,5,1,3,0,0,48 hr Search Event,,,,
41,"Distant Sea Dragon, Whaledor",絶海龍・ウェルドール,ico,8,64610,843,2560,2,5,1,3,0,0,n/a,,,,
42,"Blue Dragon Caller, Sonia",青龍喚士・ソニア,ico,8,57800,1609,0,2,4,1,3,0,0,n/a,,,,
43,"Bold Pirate Dragon King, Zaerog",不倒の海賊龍王・ゼローグ,ico,8,42400,1720,0,2,4,1,7,0,0,n/a,,,,
44,"Steel Star God, Australis",穿弓の鋼星神・アウストラリス,ico,8,32100,1705,4750,3,2,6,5,0,0,n/a,,,,
45,"Green Hell Dragon, Raguel",緑冥龍・ラグウェル,ico,8,31980,2183,4310,3,2,1,7,0,0,n/a,,,,
46,Ancient Wood Dragon,木古龍,ico,8,50190,1571,2340,3,3,1,6,0,0,n/a,,,,
47,"Original Goddess of Decision, Gaia",断決の起源神・ガイア,ico,8,24650,1840,4940,3,3,6,5,0,0,n/a,,,,
48,"Archangel of Annihilation, Michael",滅尽の大天使・ミカエル,Ico,8,24200,1969,6110,3,3,6,5,0,0,n/a,,,,
49,"Green Earth Wind Dragon Caller, Kaede",碧地の風龍喚士・カエデ,ico,8,41300,1840,2810,3,5,1,5,0,0,n/a,,,,
50,"Green Light's Blossom, Kaguya-1Hime",翠光の月天花・かぐや姫,ico,8,27950,1409,6530,3,5,4,6,0,0,n/a,,,,
51,"Shining Lance Wielder, Odin",光槍の魔術神・オーディン,ico,8,51590,1303,5480,3,5,6,2,0,0,n/a,,,,
52,Reincarnated Parvati,転生パールヴァティー,ico,8,40430,1956,6130,3,5,2,7,0,0,n/a,,,,
53,"Thorned Goddess, Valkyrie Elize",茨戒姫神・ヴァルキリーエリーゼ,ico,8,25080,1639,7660,3,4,4,6,0,0,n/a,,,,
54,"Green Dragonbound, Gadius Rev",忘夢の緑龍契士・ガディウス＝レヴ,ico,8,48160,1728,3860,3,4,1,7,0,0,n/a,,,,
55,"Colorful Queen, Hera-1Beorc",彩王妃・ヘラ・ベオーク,ico,8,34560,1815,2740,3,4,7,0,0,0,n/a,,,,
56,"Green Dragon Caller, Sonia",緑龍喚士・ソニア,ico,8,39380,1820,4250,3,4,1,2,0,0,n/a,,,,
57,"Genius Sleeping Dragon, Zhuge Liang",俊才の臥龍神・諸葛亮,ico,8,25400,2014,4140,3,4,6,5,0,0,n/a,,,,
58,"Bursting Great Earl of Hell, Ronove",爆叫の魔伯爵・ロノウ,ico,8,32110,1702,6960,3,0,7,2,0,0,n/a,,,,
59,"Sunset God of Purifying Light, Aten",浄光の天陽神・アテン,ico,8,50150,605,3730,5,1,6,0,0,0,48 hr Search Event,,,,
60,"Maniacal Phantom Demon, Ilm",魔究の狂幻魔・イルム,ico,8,32750,1759,3110,5,1,7,5,0,0,n/a,,,,
61,"Sparkling Goddess of Secrets, Kali",綺羅の秘女神・カーリー,ico,8,27650,1361,6030,5,1,6,4,0,0,n/a,,,,
62,Ryo Sakazaki,リョウ・サカザキ,ico,8,39120,2570,0,5,1,5,3,0,0,King of Fighters Collab,,,,
63,"Astral Bell Kirin Princess, Sakuya",星鐘の麒麟姫・サクヤ,ico,8,34280,1543,6540,5,1,6,4,0,0,Christmas Event,,,,
64,"White Dragon Caller, Sonia",白龍喚士・ソニア,ico,8,43510,1190,1170,5,2,1,7,0,0,Light Sonia Armor Drop Medal,,,,
65,"Enlightened Meditating God, Sandalphon",開眼の瞑想神・サンダルフォン,ico,8,27450,1307,7050,5,2,6,4,0,0,n/a,,,,
66,"Celestial Life Dragon, Zhuge Liang",天星の命龍神・諸葛亮,ico,8,31515,1481,8010,5,2,6,4,0,0,n/a,,,,
67,"Guardian of the Sacred City, Athena",聖都の守護神・アテナ,ico,8,36220,2101,0,5,3,6,5,0,0,n/a,,,,
68,"Divine Law Goddess, Valkyrie Rose",神命姫神・ヴァルキリーローズ,ico,8,23080,1589,6560,5,3,4,6,0,0,n/a,,,,
69,"Ancient Light God, Gest",光古神・ジェスト,ico,8,40730,1757,4860,5,5,4,1,0,0,n/a,,,,
70,"King's Gaze Demon Lord, Baal",王眼の魔神卿・バアル,ico,8,28930,1826,5300,5,5,7,5,0,0,n/a,,,,
71,Brave X Dragon,命古龍・ブレイブＸドラゴン,ico,8,40130,1103,2020,5,5,1,6,0,0,n/a,,,,
72,Brave X God,命古神・ブレイブＸゴッド,ico,8,40130,1103,2020,5,5,6,1,0,0,n/a,,,,
73,"Angel of Secret Destiny, Elia",密命の天使・イーリア,ico,8,26510,1523,6140,5,5,6,4,0,0,n/a,,,,
74,"Gleaming Kouryu Emperor, Fagan",星輝の黄龍帝・ファガン,ico,8,40050,1772,1560,5,5,1,3,0,0,n/a,,,,
75,Awoken Zeus Olympios,超覚醒ゼウス,ico,8,44240,1472,3600,5,5,6,0,0,0,n/a,,,,
76,"Star Cutting Time Dragonbound, Myr (Miru)",星刻の時龍契士・ミル,ico,8,43800,1710,6600,5,0,1,6,0,0,n/a,,,,
77,"Crowned Sacred King of Hell, Paimon",宝冠の聖魔王・パイモン,ico,8,55020,1745,3020,5,0,7,3,0,0,n/a,,,,
78,Iori Yagami,八神庵,ico,8,39180,2088,2840,4,1,5,7,0,0,King of Fighters Collab,,,,
79,"Blazing Goddess of power, Kali",劫火の威女神・カーリー,ico,8,30250,1724,2550,4,1,6,1,0,0,n/a,,,,
80,"Black Dragon Caller, Sonia",黒龍喚士・ソニア,ico,8,33970,1875,1050,4,1,1,7,0,0,Dark Sonia Armor Drop Medal,,,,
81,"King of Hell, Satan",地獄の魔神王・サタン,ico,8,66666,1222,-166666,4,1,7,0,0,0,n/a,,,,
82,"Maleficent Phantom Dragon King, Zaerog∞ (Z8)",黒天の幻龍王・ゼローグ∞,ico,8,49020,1625,3050,4,2,1,3,0,0,n/a,,,,
83,"Black Dragonbound, Typhon",暴我の黒龍契士・ティフォン,ico,8,48160,1646,3860,4,2,1,2,0,0,n/a,,,,
84,"Nocturnal Corpse Wyrm, Dragon Zombie",夜行の屍霊龍・ドラゴンゾンビ,ico,8,53030,1304,260,4,3,1,7,0,0,n/a,,,,
85,Leona Heidern,レオナ・ハイデルン,ico,8,37610,2168,3480,4,3,5,7,0,0,King of Fighters Collab,,,,
86,"One-1Eyed Hell Phantom Demon, Zuoh",隻眼の獄幻魔・ズオー,ico,8,46950,1621,0,4,3,7,3,0,0,n/a,,,,
87,"Dark Kouryu Emperor, Fagan",絶冥の黄龍神・ファガン,ico,8,37550,2083,2060,4,5,6,1,0,0,n/a,,,,
88,"Mistress of the Old Castle, Kali",古城の女主神・カーリー,ico,8,30150,1411,6330,4,5,6,7,0,0,n/a,,,,
89,"Morning Moon Dragon Caller, Satsuki",明時の月龍喚士・サツキ,ico,8,48050,1603,60,4,5,1,3,0,0,n/a,,,,
90,"Crazed King of Purgatory, Beelzebub",獄羅苦狂魔皇・ベルゼブブ,ico,8,29680,2115,2500,4,4,7,5,0,0,n/a,,,,
91,Divine Queen Hera,神王妃・ヘラ,ico,8,38880,1696,3080,4,4,7,0,0,0,n/a,,,,
92,"Ancient Dark God, Daphnis",闇古神・ダフネス,ico,8,40230,1699,4750,4,4,6,1,0,0,n/a,,,,
93,"Psychompomp of Oblivion, Grisar",忘却の死神・グリザル,ico,8,30470,2013,2010,4,4,7,5,0,0,n/a,,,,
94,"Hell Eye's Evil Duchess, Gremory",冥瞳の魔神爵・グレモリー,ico,8,46020,1701,6000,4,0,7,2,0,0,n/a,,,,
95,"Crimson Orchid Black Witch, Xiang Mei",紅蘭の黒魔女・シャンメイ,ico,8,28120,1903,9050,4,0,7,0,0,0,Halloween Event,,,,
96,"Blazing Shrine Maiden, Chiyome",紅焔の舞巫女・望月千代女,Ico,7,27380,1390,3830,1,1,2,7,0,0,n/a,,,,
97,"Elder of Fire, Eldora",火の古老・エルドラ,ico,7,38510,1537,1650,1,1,1,0,0,0,Eldora Armor Drop Medal,,,,
98,Flampy,ホノピィ,ico,7,10000,1500,2500,1,1,2,0,0,0,n/a,,,,
99,"Hellfire Dragon, Inferno",獄炎龍・インフェルノ,ico,7,28310,1430,1150,1,1,1,7,0,0,n/a,,,,
100,"Bonfire Fox, Mitsuki",燎火の天狐・ミツキ,ico,7,21240,1379,5920,1,1,4,5,0,0,n/a,,,,
101,Infernodragon Muspelheim,究極炎龍・ムスプルヘイム,ico,7,30180,1508,1420,1,1,1,0,0,0,n/a,,,,
102,"Omega Red Skydragon, El Dorado",緋天蒼龍・エルドラド,ico,7,16120,1916,2440,1,2,1,5,0,0,n/a,,,,
103,"Red Flower Dragon, Barbados",紅の華龍・バルバドス,ico,7,20334,1075,3264,1,3,1,0,0,0,n/a,,,,
104,"Lively Banquest Dragon Hero, Liu Bei",熱宴の龍英傑・劉備,ico,7,32250,1905,3530,1,3,1,5,0,0,Christmas Event,,,,
105,"Dino Rider, Wild Drake",ディノライダー・ワイルドドレーク,ico,7,27020,1960,800,1,3,5,1,0,0,n/a,,,,
106,"Blazing Deity Falcon, Horus",白光炎隼神・ホルス,ico,7,36660,1824,900,1,5,6,5,0,0,n/a,,,,
107,"Storm Mighty Dragon Emperor, Lifive",爆天の剛龍帝・リファイブ,ico,7,37200,1814,400,1,5,1,6,0,0,n/a,,,,
108,"Gluttonous Mystic, Zhu Bajie",大食の妖仙・猪八戒,ico,7,38250,1358,0,1,5,3,7,0,0,n/a,,,,
109,"Tamazo X Awoken Phantom God, Odin",タマゾーＸ覚醒幻神・オーディン,ico,7,24510,1105,740,1,4,1,6,0,0,n/a,,,,
110,"Brutal Warrior General, Xaihou Dun",厳烈の猛将神・夏侯惇,ico,7,37350,1643,1400,1,4,6,3,0,0,n/a,,,,
111,"Golden Bell Marauder, Gan Ning",金鈴の水兵神・甘寧,ico,7,30480,2128,580,2,1,6,5,0,0,n/a,,,,
112,"Beast Rider, Wiz Merlin",ビーストライダー・ウィズマーリン,ico,7,26530,1951,1020,2,1,5,7,0,0,n/a,,,,
113,Bubpy,ミズピイ,ico,7,10000,1500,2500,2,2,2,0,0,0,n/a,,,,
114,Glacialdragon Niflheim,究極氷龍・ニブルヘイム,ico,7,31650,1432,1530,2,2,1,0,0,0,n/a,,,,
115,"Blue Wind Ninja Princess, Hatsume",蒼扇の夜叉姫・初芽局,ico,7,21290,1205,7080,2,2,4,7,0,0,n/a,,,,
116,Levia,嵐海龍・レヴィア,ico,7,31810,1202,1660,2,2,1,7,0,0,n/a,,,,
117,"Distant Sea Talent, Ruka",絶海の才女・ルカ,ico,7,21700,1364,5800,2,2,4,5,0,0,n/a,,,,
118,"Apex Blue Flower Dragon, Starling",蒼頂の華龍・スターリング,ico,7,33750,1271,5480,2,3,1,6,0,0,n/a,,,,
119,"Graceful General, Zhou Yu",秀麗の智将軍・周瑜,ico,7,24350,1220,5070,2,3,4,1,0,0,Version 2.1,,,,
120,Andy Bogard,アンディ・ボガード,ico,7,27030,1908,1590,2,5,5,0,0,0,King of Fighters Collab,,,,
121,Awoken Deity Odin,覚醒秘神・オーディン,ico,7,48930,1162,4930,2,4,6,3,0,0,n/a,,,,
122,Awoken Wadatsumi,覚醒ワダツミ,ico,7,32500,1249,4660,2,4,6,2,0,0,n/a,,,,
123,"Omega Blue Skydragon, Nirai Kanai",蒼天夜龍・ニライカナイ,ico,7,15810,1957,2260,2,4,1,5,0,0,n/a,,,,
124,"Liusha River Mystic, Sha Wujing",流砂の妖仙・沙悟浄,ico,7,21150,1635,3110,2,4,5,7,0,0,n/a,,,,
125,"Guardian of Dark Riches, Medjedra",冥穣の守護神・メジェドラ,ico,7,25430,1318,3110,3,1,6,2,0,0,n/a,,,,
126,"Omega Wood Skydragon, Horai",樹天緋龍・ホウライ,ico,7,16370,1904,2500,3,1,1,5,0,0,n/a,,,,
127,"Marine Rider, Bard Robin",マリンライダー・バードロビン,ico,7,26410,1942,960,3,2,5,7,0,0,n/a,,,,
128,"Boulder Dragon, Garmut",重岩龍・ガルムット,ico,7,36100,1083,1270,3,3,1,7,0,0,n/a,,,,
129,"Shrine Priestess, Kano",祭祀の神子・カノ,ico,7,21440,1331,6070,3,3,4,5,0,0,n/a,,,,
130,"Gusting Prodigy, Sasuke",時津風の神童・猿飛佐助,ico,7,23970,1886,2160,3,3,5,7,0,0,n/a,,,,
131,"Elder of Wood, Torie",木の古老・トーリエ,ico,7,40350,1381,2354,3,3,1,0,0,0,Torie Armor Drop Medal,,,,
132,Woodpy,モクピィ,ico,7,10000,1500,2500,3,3,2,0,0,0,n/a,,,,
133,Gaiadragon Yggdrasil,究極島龍・ユグドラシル,ico,7,31970,1407,1750,3,3,1,0,0,0,n/a,,,,
134,Heracles,試練の剛神・ヘラクレス,ico,7,43480,1337,1730,3,5,6,3,0,0,n/a,,,,
135,Kim Kaphwan,キム・カッファン,ico,7,30200,2003,50,3,5,1,6,0,0,King of Fighters Collab,,,,
136,Tamazo x Awoken Odin,タマゾーＸ覚醒オーディン,ico,7,25050,665,2650,3,5,1,6,0,0,n/a,,,,
137,"Rainbow Wing Whirlwind Dragon Emperor, Sevenzard",虹翼の旋龍帝・セブンザード,ico,7,38040,1301,3311,3,4,1,2,0,0,n/a,,,,
138,"War God of Protection, Takeminakata",鎮護の大軍神・タケミナカタ,ico,7,42280,1121,3950,5,1,6,3,0,0,n/a,,,,
139,"Stone Scales Dragon Emperor, Deightros",岩鱗の海龍帝・ディエイトロス,ico,7,42500,1685,3780,5,2,1,7,0,0,n/a,,,,
140,"Keeper of the Sacred Texts, Metatron",神書の管理者・メタトロン,ico,7,29450,1330,8630,5,2,6,4,0,0,n/a,,,,
141,"Omega Holy Skydragon, Shangri-1La",聖天樹龍・シャングリラ,ico,7,15760,1855,2280,5,3,1,5,0,0,n/a,,,,
142,"Afterflow Destroyer Dragon, Apocalypse",残光の破壊龍・アポカリプス,ico,7,44400,1550,1790,5,5,1,6,0,0,n/a,,,,
143,"Thunder Horn Master, Fuma Kotaro",轟雷角の頭領・風魔小太郎,ico,7,42380,1311,390,5,5,3,7,0,0,n/a,,,,
144,"Nomadic Dancer, Fuu",遊牧の舞姫・フウ,ico,7,20810,1436,5480,5,5,4,5,0,0,n/a,,,,
145,"Honorable Dragon General, Kanetsugu",義愛の知将龍・カネツグ,ico,7,33530,1615,510,5,5,1,5,0,0,n/a,,,,
146,Shynpy,ヒカピィ,ico,7,10000,1500,2500,5,5,2,0,0,0,n/a,,,,
147,Cyberdragon Valhalla,ヴァルハラ,ico,7,30500,1456,1640,5,5,1,0,0,0,n/a,,,,
148,Athena Asamiya,麻宮アテナ,ico,7,27510,1563,3610,5,4,2,0,0,0,King of Fighters Collab,,,,
149,Awoken Mephistopheles,覚醒メフィストフェレス,ico,7,19150,1723,5040,5,4,7,5,0,0,n/a,,,,
150,Awoken Sopdet,覚醒ソティス,ico,7,33500,1566,2050,5,4,6,0,0,0,n/a,,,,
151,"Dragon Rider, King Arthur",ドラゴンライダー・キングアーサー,ico,7,29060,1857,720,5,4,5,1,0,0,n/a,,,,
152,"Dark Holy Skydragon, Shangri-1La",裏聖天龍・シャングリラ,ico,7,20760,1955,2280,5,0,1,6,0,0,n/a,,,,
153,"Snow Star Byakko, Haku",星雪の白虎・ハク,ico,7,34930,1491,3090,4,1,6,1,0,0,Christmas Event,,,,
154,"Wrathful Steel Dragon Emperor, Ninegaruda",爆怒の鉄龍帝・ナインガルダ,ico,7,49990,1089,3990,4,1,1,0,0,0,n/a,,,,
155,Metatron,偽典の審理者・メタトロン,ico,7,42360,1931,3330,4,2,6,5,0,0,n/a,,,,
156,"Old Castle Blue Dragon Caller, Sonia",古城の青龍喚士・ソニア,ico,7,51800,1409,0,4,2,1,3,0,0,Halloween Event,,,,
157,"Spirit of the Masquerade, Alraune",仮装祭の精霊・アルラウネ,ico,7,28240,1019,7170,4,3,4,7,0,0,Halloween Event,,,,
158,"Omega Night Skydragon, Elysium",夜天聖龍・エリュシオン,ico,7,15910,1871,2220,4,5,1,5,0,0,n/a,,,,
159,Awoken Thoth,覚醒トト,ico,7,20850,1616,5130,4,5,6,0,0,0,n/a,,,,
160,"Gryps Rider, Vector Finn",グリプスライダー・ベクターフィン,ico,7,28500,1876,860,4,5,5,7,0,0,n/a,,,,
161,Badpy,ヤミピィ,ico,7,10000,1500,2500,4,4,2,0,0,0,n/a,,,,
162,"Moonlit Shadow, Hattori Hanzo",朧月夜の幻影・服部半蔵,ico,7,13890,1898,4800,4,4,5,7,0,0,n/a,,,,
163,Viciousdragon Helheim,究極邪龍・ヘルヘイム,ico,7,30020,1422,1310,4,4,1,0,0,0,n/a,,,,
164,"Cryptic Feline, Kurone",幽幻の猫又・クロネ,ico,7,20980,1403,5570,4,4,4,5,0,0,n/a,,,,
165,Dragon Lord Zaerog,龍王・ゼローグ,ico,7,27360,1413,0,4,4,1,0,0,0,n/a,,,,
166,"Dark Night Skydragon, Elysium",裏夜天龍・エリュシオン,ico,7,20910,1971,2220,4,0,1,6,0,0,n/a,,,,
167,"Goddess of the Art, Ame no Uzume",技芸の女神・アメノウズメ,ico,6,17142,1418,2706,1,1,6,2,0,0,n/a,,,,
168,Awoken Leilan,覚醒レイラン,ico,6,21612,1329,1902,1,1,6,0,0,0,Ranking Event #1 reward,,,,
169,Awoken Minerva,覚醒ミネルヴァ,ico,6,19890,1313,2580,1,1,6,0,0,0,Ranking Event #2 reward,,,,
170,"Fire Mechdragon, Betelgeuse",砲炎機龍・ベテルギウス,ico,6,31008,1589,630,1,1,1,0,0,0,n/a,,,,
171,"Crimson Lotus Mistress, Echidna",紅蓮華の女傑・エキドナ,ico,6,9192,1349,3900,1,1,4,7,0,0,n/a,,,,
172,"Crimson Inferno Blade, Entetsu Soukaku",紅蓮の逆刃・炎鉄双角,ico,6,16998,1821,6,1,1,5,3,0,0,Entetsu Soukaku Armor Drop Medal,,,,
173,"Ace X Flame Deity, Falcon Horus",エースＸ炎隼神・ホルス,ico,6,23430,1974,540,1,1,1,0,0,0,n/a,,,,
174,Hino Kagutsuchi,ヒノカグツチ,ico,6,20220,1359,2436,1,1,6,0,0,0,n/a,,,,
175,"Burning Phoenix Knight, Homura",バーンフェニックスナイト・ホムラ,ico,6,16806,1273,2334,1,1,2,6,0,0,n/a,,,,
176,"Inferno Sorcerer, Laila",猛炎の魔道士・ライラ,ico,6,12150,1436,3065,1,1,5,4,0,0,n/a,,,,
177,"Heavenly Guide Suzaku, Leilan",天導の朱雀・レイラン,ico,6,21612,1329,1902,1,1,6,0,0,0,n/a,,,,
178,War Deity Minerva,戦女神・ミネルヴァ,ico,6,19890,1313,2580,1,1,6,0,0,0,n/a,,,,
179,Tamazo X Hinokagutsuchi,タマゾー Ｘ ヒノカグツチ,ico,6,9372,700,1248,1,1,1,6,0,0,n/a,,,,
180,Firedragon Grand Tyrannos,爆炎龍・グランティラノス,ico,6,15444,1214,1386,1,1,1,7,0,0,n/a,,,,
181,"Red Pirate Dragon, Bartholomew",紅の海賊龍・バーソロミュー,ico,6,18768,1541,1128,1,2,1,0,0,0,n/a,,,,
182,Billy Kane,ビリー・カーン,ico,6,32250,1475,2600,1,2,2,0,0,0,King of Fighters Collab,,,,
183,"Scorched Claw Dragon, Flare Drall",灼爪龍・フレアドラール,ico,6,16602,1250,2862,1,3,1,5,0,0,n/a,,,,
184,"Peach Garden General, Guan Yinping",桃園の義将姫・関銀屏,ico,6,20031,956,2749,1,3,4,3,0,0,n/a,,,,
185,"Phantom Dragon, Anima",幻影龍・アニマ,ico,6,19278,1516,1056,1,4,1,7,0,0,n/a,,,,
186,"Ancient Fire Dragon, Ardbeg",火の歴龍・アードベッグ,ico,6,22776,1170,2508,1,0,1,0,0,0,n/a,,,,
187,"Scorched Land Dragon Knight, Himiko",焔土の龍騎姫・卑弥呼,ico,6,17496,1321,2892,1,0,1,4,0,0,n/a,,,,
188,"Mystic Megalith Dragon, Baalbek",神秘の巨石龍・バールベック,ico,6,16878,1320,1206,1,0,1,0,0,0,n/a,,,,
189,"Fire Orb Dragon, Kajin",宝珠龍・カジン,ico,6,18132,1083,0,1,0,1,0,0,0,n/a,,,,
190,"Fire Samurai Dragon, Shingen",風林火山龍・シンゲン,ico,6,27078,1449,1230,1,0,1,3,0,0,n/a,,,,
191,"Flamewing Twin Dragon King, Wangren",灼翼の双龍帝・ワングレン,ico,6,27510,1203,0,1,0,1,0,0,0,n/a,,,,
192,"Drilling Shark Dragon, Megalodran",穿鮫龍・メガロドラン,ico,6,20376,1012,2772,2,1,1,3,0,0,n/a,,,,
193,Awoken Karin,覚醒カリン,ico,6,21678,1423,1536,2,2,6,0,0,0,Ranking Event #1 reward,,,,
194,Awoken Neptune,覚醒ネプチューン,ico,6,20100,1306,2520,2,2,6,0,0,0,Ranking Event #2 reward,,,,
195,Cocytus,豪雪の狂獣帝・コキュートス,ico,6,28518,1222,792,2,2,1,3,0,0,n/a,,,,
196,"Ice Mechdragon, Aldebaran",氷砕機龍・アルデバラン,ico,6,31296,1571,672,2,2,1,0,0,0,n/a,,,,
197,"Blue Pirate Dragon, Awilda",蒼の海賊龍・アルビダ,ico,6,18480,1445,1560,2,2,1,0,0,0,n/a,,,,
198,"Water Deity, Holy Isis",聖海神・イシス,ico,6,22926,1077,2718,2,2,6,0,0,0,n/a,,,,
199,Icedragon Depth Plesios,氷塊龍・デプスプレシオス,ico,6,15804,1156,1584,2,2,1,7,0,0,n/a,,,,
200,Kagenue,ユミツカミノミコ・カゲヌエ,ico,6,13602,1548,2010,2,2,5,6,0,0,n/a,,,,
201,"Torrential Fenrir Knight, Kamui",フラッドフェンリルナイト・カムイ,ico,6,15384,1353,1956,2,2,2,7,0,0,n/a,,,,
202,"Guardian of the Life Seiryuu, Karin",命護の青龍・カリン,ico,6,21678,1423,1536,2,2,6,0,0,0,n/a,,,,
203,"King Siegfried, Blue Champion",蒼覇王・カイゼルジークフリート,ico,6,26694,1178,696,2,2,3,0,0,0,n/a,,,,
204,Demon Viper Orochi,ヤマタノオロチ,ico,6,29742,1035,1200,2,2,6,0,0,0,n/a,,,,
205,Sea Deity Neptune,海王神・ネプチューン,ico,6,20100,1306,2520,2,2,6,0,0,0,n/a,,,,
206,"Pure Water Sorcerer, Sharon",錬水の魔道士・シャロン,ico,6,12390,1417,3372,2,2,5,4,0,0,n/a,,,,
207,"Sea God's Songstress, Siren",綿津見の歌姫・セイレーン,ico,6,14478,1185,4146,2,2,4,7,0,0,n/a,,,,
208,"Gods of Hunt, Umisachi and Yamasachi",漁猟の神・ウミサチヤマサチ,ico,6,17202,1126,3516,2,3,6,0,0,0,n/a,,,,
209,King,キング,ico,6,24496,1398,2848,2,5,2,0,0,0,King of Fighters Collab,,,,
210,"Cruel Frozen Hell Demon, Indigo",刻薄の凍冥魔・インディゴ,ico,6,18840,1454,1890,2,4,7,0,0,0,n/a,,,,
211,"Icewing Twin Dragon King, Beyzul",凍翼の双龍帝・ベイツール,ico,6,27810,1165,0,2,0,1,0,0,0,n/a,,,,
212,"Ancient Water Dragon, Bowmore",水の歴龍・ボウモア,ico,6,23022,1151,2550,2,0,1,0,0,0,n/a,,,,
213,"Hidden Sea Dragon Knight, Cleopatra",秘海の龍騎姫・クレオパトラ,ico,6,20297,1352,1938,2,0,1,2,0,0,n/a,,,,
214,"Mystic Mechdragon, Antikythera",神秘の天体龍・アンティキティラ,ico,6,16794,956,1248,2,0,1,0,0,0,n/a,,,,
215,"Water Samurai Dragon, Kenshin",毘沙門龍・ケンシン,ico,6,26868,1464,1290,2,0,1,5,0,0,n/a,,,,
216,"Goddess of the Sanctuary, Freyja",聖堂の豊麗神・フレイヤ,ico,6,18330,1365,3360,3,1,6,2,0,0,Christmas Event,,,,
217,"Decisive General, Zhang Fei",決死の燕将軍・張飛,ico,6,20010,1640,0,3,1,3,5,0,0,n/a,,,,
218,"Green Pirate Dragon, Captain Kidd",碧の海賊龍・キャプテンキッド,ico,6,18828,1514,1188,3,2,1,0,0,0,n/a,,,,
219,Charo X Fortoytops,チャロＸ角砦龍・フォートトイトプス,ico,6,15006,980,2868,3,2,1,0,0,0,n/a,,,,
220,Chin Gentsai,鎮元斎,ico,6,24712,1498,2296,3,2,2,0,0,0,King of Fighters Collab,,,,
221,"Creation Tree Spirit, Alraune",神創樹の聖霊・アルラウネ,ico,6,16734,1019,4302,3,3,4,6,0,0,n/a,,,,
222,Awoken Meimei,覚醒メイメイ,ico,6,22842,1372,1434,3,3,6,0,0,0,Ranking Event #1 reward,,,,
223,Awoken Ceres,覚醒セレス,ico,6,16680,1045,4002,3,3,6,0,0,0,Ranking Event #2 reward,,,,
224,"Wind Mechdragon, Canopus",旋風機龍・カノープス,ico,6,29706,1552,713,3,3,1,0,0,0,n/a,,,,
225,"Love Deity, Feline Bastet",愛猫神・バステト,ico,6,21450,1311,2082,3,3,6,0,0,0,n/a,,,,
226,"Green Flower Dragon, Casablanca",翠の華龍・カサブランカ,ico,6,20202,1067,3330,3,3,1,0,0,0,n/a,,,,
227,Fertility Deity Ceres,豊穣神・セレス,ico,6,16680,1045,4002,3,3,6,0,0,0,n/a,,,,
228,Kuninue,ヨミツカミノミコ・クニヌエ,ico,6,14280,1534,1908,3,3,5,6,0,0,n/a,,,,
229,"Goddess of Rice Fields, Kushinada",稲田の女神・クシナダヒメ,ico,6,18174,1244,3456,3,3,6,0,0,0,n/a,,,,
230,"Sacred Tree Sorcerer, Leeza",神木の魔道士・リーザ,ico,6,12270,1409,3108,3,3,5,4,0,0,n/a,,,,
231,"Tortoise Mountain Genbu, Meimei",地鎮の玄武・メイメイ,ico,6,22842,1372,1434,3,3,6,0,0,0,n/a,,,,
232,More Cu Chulainn,大英雄・モアクーフーリン,ico,6,21504,1386,2268,3,3,2,0,0,0,n/a,,,,
233,"Omnipresent Earth Blade, Shintetsu Ryokaku",真羅の諸刃・森鉄両角,ico,6,17292,1781,6,3,3,5,3,0,0,n/a,,,,
234,Susano no Mikoto,スサノオノミコト,ico,6,19896,1309,2310,3,3,6,0,0,0,n/a,,,,
235,"Ancient Dragon Knight, Zeal",エンシェントドラゴンナイト・セロ,ico,6,16116,1312,2016,3,3,2,1,0,0,n/a,,,,
236,"Guardian Dragon, Avalon Drake",守護龍・アヴァロンドレイク,ico,6,26406,1358,1350,3,5,6,1,0,0,n/a,,,,
237,"Stormwing Dragon Emperor, Threedia",嵐翼の迅龍帝・スリーディア,ico,6,20220,1290,1548,3,5,1,2,0,0,n/a,,,,
238,Wind Archdemon Astaroth,予見の魔神将・アスタロト,ico,6,16848,1143,3588,3,4,7,0,0,0,n/a,,,,
239,"Masquerade Rock Singer, Misery",仮装祭のロックシンガー・ミザリィ,ico,6,18108,1850,192,3,4,7,0,0,0,Halloween Event,,,,
240,"Heavenly Wind Dragon Knight, Ishtar",天風の龍騎姫・イシュタル,ico,6,25062,1319,588,3,0,1,3,0,0,n/a,,,,
241,"Ancient Wood Dragon, Legavulin",木の歴龍・ラガヴーリン,ico,6,23310,1132,2592,3,0,1,0,0,0,n/a,,,,
242,"Wood Samurai Dragon, Masamune",独眼竜・マサムネ,ico,6,26820,1442,1344,3,0,1,5,0,0,n/a,,,,
243,"Mystic Painting Dragon, Nazca",神秘の絵画龍・ナスカ,ico,6,16770,1327,1230,3,0,1,0,0,0,n/a,,,,
244,Takuma Sakazaki,タクマ・サカザキ,ico,6,30600,1610,0,5,1,3,0,0,0,King of Fighters Collab,,,,
245,Yuri Sakazaki,ユリ・サカザキ,ico,6,19184,1835,2352,5,1,5,0,0,0,King of Fighters Collab,,,,
246,"Gold Pirate Dragon, Anne & Mary",金の海賊龍・アン＆メアリー,ico,6,18378,1436,1620,5,2,1,0,0,0,n/a,,,,
247,"Orange Flower Dragon, Helianthus",橙の華龍・ヘリアンタス,ico,6,20316,1079,3246,5,3,1,0,0,0,n/a,,,,
248,Amaterasu Ohkami,アマテラスオオカミ,ico,6,16338,1000,4332,5,5,6,0,0,0,n/a,,,,
249,Benimaru Nikaido,二階堂紅丸,ico,6,21232,2045,818,5,5,5,0,0,0,King of Fighters Collab,,,,
250,"Ancestor of the Gods, Izanagi",皇祖の神・イザナギ,ico,6,24918,1319,1758,5,5,6,0,0,0,n/a,,,,
251,Kaminue,ヤマツカミノミコ・カミヌエ,ico,6,13002,1523,2142,5,5,5,6,0,0,Kaminue Armor Drop Medal,,,,
252,Light Twin Star Divinegon,光天双極星・神龍,ico,6,20568,1413,1770,5,5,1,6,0,0,n/a,,,,
253,Sun Deity Ra,太陽神・ラー,ico,6,19794,1062,3216,5,5,6,0,0,0,n/a,,,,
254,"Noble Mechdragon, Regulus",皇爪機龍・レグルス,ico,6,29220,1533,756,5,5,1,0,0,0,n/a,,,,
255,"Kirin of the Aurora, Sakuya",極光の麒麟・サクヤ,ico,6,22866,1090,2076,5,5,6,0,0,0,n/a,,,,
256,Princess Valkyrie,戦乙女・プリンセスヴァルキリー,ico,6,16620,1589,3935,5,5,4,6,0,0,n/a,,,,
257,Light Dominion Raphael,神癒の大天使・ラファエル,ico,6,17628,1150,3432,5,5,6,0,0,0,n/a,,,,
258,"Sanctuary Guardian, Archangel",聖天地の守神・エンジェル,ico,6,11016,1160,4360,5,5,4,6,0,0,n/a,,,,
259,Sundragon Sol Pterados,太陽龍・ソルプテラドス,ico,6,12377,1173,1518,5,5,1,0,0,0,n/a,,,,
260,"Flash Sorcerer, Rei Sirius",閃光の魔道士・レイ＝シリウス,ico,6,12798,1418,3024,5,5,6,4,0,0,n/a,,,,
261,Love Deity Venus,慈愛神・ヴィーナス,ico,6,16038,1157,3702,5,5,6,0,0,0,n/a,,,,
262,"Space-1Time Sorcerer, Wee Jas",時空の魔術師・ウィジャス,ico,6,13278,1054,3024,5,5,1,4,0,0,n/a,,,,
263,"Dark Sky Star Dragon Emperor, Defoud",天冥の星龍帝・デフォード,ico,6,24138,1417,0,5,4,1,0,0,0,n/a,,,,
264,"Mystic Crystal Dragon, CrystalSkull",神秘の結晶龍・クリスタルスカル,ico,6,16354,1309,1866,5,0,1,0,0,0,n/a,,,,
265,"Holy Hour Dragon Knight, Jeanne d'Arc",聖刻の龍騎姫・ジャンヌダルク,ico,6,18012,1556,1872,5,0,1,5,0,0,n/a,,,,
266,"Ancient Light Dragon, Laphroaig",光の歴龍・ラフロイグ,ico,6,22908,1113,2634,5,0,1,0,0,0,n/a,,,,
267,"Light Samurai Dragon, Hideyoshi",太閤龍・ヒデヨシ,ico,6,26598,1439,1386,5,0,1,3,0,0,n/a,,,,
268,"Light Orb Dragon, Yobi",光の宝珠龍・ヨウビ,ico,6,12864,1016,1830,5,0,1,0,0,0,n/a,,,,
269,"Corpse Armor Dark Knight, Gravis",骸甲の暗黒騎士・グラヴィス,ico,6,30408,1024,-11200,4,1,3,7,0,0,n/a,,,,
270,Izanagi X,根源の神・イザナギＸ,ico,6,24918,1319,1758,4,1,6,0,0,0,n/a,,,,
271,"Black Pirate Dragon, Blackbeard",黒の海賊龍・黒髭ティーチ,ico,6,18318,1573,1146,4,2,1,0,0,0,n/a,,,,
272,"Jester Dragon, Drawn Joker",道化龍・ドラウンジョーカー,ico,6,17700,1085,2976,4,2,1,7,0,0,n/a,,,,
273,"Purple Flower Dragon, Orchid",紫の華龍・オーキッド,ico,6,20172,1072,3306,4,3,1,0,0,0,n/a,,,,
274,Apocalypse X,深淵の龍・アポカリプスＸ,ico,6,23976,1395,966,4,5,1,0,0,0,n/a,,,,
275,Seraph of Dawn Lucifer,黎明の熾天使・ルシファー,ico,6,16386,14222,2994,4,5,6,0,0,0,n/a,,,,
276,"Dimensional Sorcerer, Chester",次元の魔術師・チェスター,ico,6,15630,1410,1032,4,4,1,7,0,0,n/a,,,,
277,"Immortal Dragon, Cursed Wyrm",不死龍・カースドラゴン,ico,6,26784,1219,138,4,4,1,7,0,0,n/a,,,,
278,Dark Archdemon Lucifer,逆心の神魔王・ルシファー,ico,6,17358,1265,2994,4,4,7,0,0,0,n/a,,,,
279,"Ebon Sorcerer, Dill Sirius",冥闇の魔道士・ディル＝シリウス,ico,6,12708,1429,3000,4,4,7,4,0,0,n/a,,,,
280,"Annihilate Mechdragon, Hadar",殲滅機龍・ハダル,ico,6,28931,1609,588,4,4,1,0,0,0,n/a,,,,
281,"Soul Guardian Byakko, Haku",霊護の白虎・ハク,ico,6,21732,1342,1668,4,4,6,0,0,0,n/a,,,,
282,"Hell Deity, Jackal Anubis",獄界冥狼神・アヌビス,ico,6,19104,1215,3174,4,4,6,0,0,0,n/a,,,,
283,Lance X Heavy Metal Dragon,ランスＸ ヘビーメタルドラゴン,ico,6,16398,1570,0,4,4,1,0,0,0,n/a,,,,
284,"Pitch Black Night Princess, Lilith",漆黒夜の魔姫・リリス,ico,6,14952,1188,4128,4,4,4,7,0,0,n/a,,,,
285,Moondragon Lunar D'spinas,月光龍・ルナデスピナス,ico,6,12671,1197,1320,4,4,1,0,0,0,n/a,,,,
286,"Purgatory Chaos Blade, Meitetsu Nikaku",煉獄の乱刃・冥鉄弐角,ico,6,16419,1901,6,4,4,5,3,0,0,Meitetsu Nikaku Armor Drop Medal,,,,
287,Tamazo X Tsukuyomi,タマゾーＸツクヨミ,ico,6,8988,652,1438,4,4,1,6,0,0,n/a,,,,
288,Dark Twin Star Tiamat,闇天双極星・ティアマット,ico,6,18000,1754,1188,4,4,1,5,0,0,n/a,,,,
289,Tsuku Yomi,ツクヨミ,ico,6,16013,1832,1596,4,4,6,0,0,0,n/a,,,,
290,Underlord Hades,冥界神・ハーデス,ico,6,18606,1359,2460,4,4,6,0,0,0,n/a,,,,
291,"Ancient Dark Dragon, Caol-1ila",闇の歴龍・カリラ,ico,6,23147,1189,2466,4,0,1,0,0,0,n/a,,,,
292,"Mystic Astro Dragon, Nebradisk",神秘の円盤龍・ネブラディスク,ico,6,16200,1330,0,4,0,1,0,0,0,n/a,,,,
293,"Dark Samurai Dragon, Nobunaga",第六天魔龍・ノブナガ,ico,6,27240,1504,1110,4,0,1,5,0,0,n/a,,,,
294,"Shadow Moon Dragon Knight, Mulan",月影の龍騎姫・ムーラン,ico,6,19632,1350,2040,4,0,1,2,0,0,n/a,,,,
295,Fire Dragon Knight,ファイアドラゴンナイト,ico,5,10940,1308,1405,1,1,1,0,0,0,n/a,,,,
296,Phoenix Knight Homura,フェニックスナイト・ホムラ,ico,5,-1,-1,-1,1,1,2,6,0,0,n/a,,,,
297,"Happy Forest Maiden, Red Riding Hood",森の元気娘・赤ずきん,ico,5,15015,810,2555,1,1,4,3,0,0,n/a,,,,
298,"Frozen Inferno Blade, Samurai Troll",炎氷刃・サムライトロール,ico,5,11250,898,40,1,2,3,7,0,0,n/a,,,,
299,"Flame Spore Crusher, Hammer Troll",炎樹槌・ハンマートロール,ico,5,11250,898,40,1,3,3,7,0,0,n/a,,,,
300,"Red Sky Fruit, Strawberry Dragon",紅天の果実・いちごドラゴン,ico,5,10825,971,1790,1,3,1,0,0,0,n/a,,,,
301,"Flame Lion, Gaberion",焔獅子・ガベリオン,ico,5,4445,1352,430,1,5,5,6,0,0,n/a,,,,
302,"Holy Night Santa Claus, Hera",聖夜のサンタクロース・ヘラ,ico,5,10600,1161,1090,1,5,1,0,0,0,Christmas Event,,,,
303,"Scarlet Stone Dragon, Vermilionyt",緋石龍・ヒヒイロカネ,ico,5,10600,1161,1090,1,5,1,0,0,0,n/a,,,,
304,"Flame Insect Dragon, Flammesickle",炎の蟲龍・フラムシックル,ico,5,8640,1355,1220,1,0,1,0,0,0,n/a,,,,
305,"Burning Bowl Dragon, Gyundo",火熱の丼龍・ギュンド,ico,5,12060,1033,1600,1,0,1,4,0,0,n/a,,,,
306,Horus,ホルス,ico,5,16602,1250,2862,1,0,6,0,0,0,n/a,,,,
307,Ifrit,イフリート,ico,5,13645,1519,990,1,0,1,0,0,0,n/a,,,,
308,Meteor Volcano Dragon,メテオボルケーノドラゴン,ico,5,-1,-1,-1,1,0,1,0,0,0,n/a,,,,
309,Soukaku,炎神の芯鉄・ソウカク,ico,5,12750,1639,5,1,0,5,3,0,0,n/a,,,,
310,"Scorched Ice Blade, Samurai Troll",氷炎刃・サムライトロール,ico,5,12000,875,40,2,1,3,7,0,0,"Scorched Ice Blade, Samurai Troll Armor Drop Medal",,,,
311,Water Dragon Knight,ウォータードラゴンナイト,ico,5,11840,1215,1430,2,2,1,0,0,0,n/a,,,,
312,"Queen of the Dwarfs, Snow White",小人の王女・白雪姫,ico,5,14255,863,2610,2,2,3,6,0,0,n/a,,,,
313,"Blue Sky Fruit, Berry Dragon",蒼天の果実・ベリードラゴン,ico,5,-1,-1,-1,2,3,1,0,0,0,n/a,,,,
314,"Frost Spore Crusher, Hammer Troll",氷樹槌・ハンマートロール,ico,5,12000,875,40,2,3,3,7,0,0,n/a,,,,
315,"Blue Stone Dragon, Mythril",蒼石龍・ミスリル,ico,5,10665,1096,1120,2,3,1,0,0,0,n/a,,,,
316,"Abyssal Lion, Agrion",溟獅子・アグリオン,ico,5,4500,1338,465,2,5,5,6,0,0,n/a,,,,
317,Crystal Aurora Dragon,クリスタルオーロラドラゴン,ico,5,20815,1138,910,2,0,1,0,0,0,n/a,,,,
318,"Fragrant Bowl Dragon, Happo",香彩の丼龍・ハッポウ,ico,5,12060,1033,1600,2,0,1,4,0,0,n/a,,,,
319,Kagenue,ユミハリのカゲヌエ,ico,5,10200,1393,1510,2,0,5,6,0,0,n/a,,,,
320,Leviathan,リヴァイアサン,ico,5,14630,1265,1580,2,0,1,0,0,0,n/a,,,,
321,"Scorched Forest Blade, Samurai Troll",樹炎刃・サムライトロール,ico,5,11630,856,40,3,1,3,7,0,0,n/a,,,,
322,"Evergreen Glacial Crusher, Hammer Troll",樹氷槌・ハンマートロール,ico,5,11630,856,40,3,2,3,7,0,0,n/a,,,,
323,Earth Dragon Knight,アースドラゴンナイト,ico,5,11300,1255,1470,3,3,1,0,0,0,n/a,,,,
324,"Green Sky Fruit, Melon Dragon",碧天の果実・メロンドラゴン,ico,5,-1,-1,-1,3,3,1,0,0,0,n/a,,,,
325,"Four Leaf Clover Princess, Thumbelina",四つ葉の王女・おやゆび姫,ico,5,-1,-1,-1,3,3,5,4,0,0,n/a,,,,
326,"Tree Lion, Falvion",樹獅子・ファルビオン,ico,5,-1,-1,-1,3,5,5,6,0,0,n/a,,,,
327,"Green Stone Dragon, Adamant",翠石龍・アダマント,ico,5,10645,1099,1105,3,4,1,0,0,0,n/a,,,,
328,Ancient Dragon Knight,エンシェントドラゴンナイト,ico,5,16116,1312,2016,3,0,2,1,0,0,n/a,,,,
329,"Wood Cat Dragon, Calico Nyadra",木の猫龍・ミケニャドラ,ico,5,12150,1243,910,3,0,1,0,0,0,n/a,,,,
330,Fortoytops,フォートトイトプス,ico,5,14185,926,2260,3,0,1,0,0,0,n/a,,,,
331,Graviton Earth Dragon,グラビトンアースドラゴン,ico,5,17605,1269,1340,3,0,1,0,0,0,n/a,,,,
332,Giga Woodsie,ギガ・モリりん,ico,5,6510,644,795,3,0,2,0,0,0,n/a,,,,
333,Fafnir,ファフニール,ico,5,-1,-1,-1,3,0,1,0,0,0,n/a,,,,
334,Kuninue,ヨホトケノクニヌエ,ico,5,10710,1381,1430,3,0,5,6,0,0,n/a,,,,
335,Ryokaku,森神の芯鉄・リョウカク,ico,5,13645,1519,990,3,0,5,3,0,0,n/a,,,,
336,"Rainbow Stone Dragon, Orichalcum",虹石龍・オリハルコン,ico,5,10620,1092,1140,5,2,1,0,0,0,n/a,,,,
337,"Yellow Sky Fruit, Lemon Dragon",黄天の果実・レモンドラゴン,ico,5,10775,951,1860,5,3,1,0,0,0,n/a,,,,
338,"White Coach Princess, Cinderella",白馬車の姫君・シンデレラ,ico,5,-1,-1,-1,5,5,3,6,0,0,n/a,,,,
339,Shining Dragon Knight,シャインドラゴンナイト,ico,5,10800,1228,1690,5,5,1,0,0,0,n/a,,,,
340,"Sky Lion, Zeperion",天獅子・ゼペリオン,ico,5,4310,1329,505,5,5,5,6,0,0,n/a,,,,
341,Angelion,エンジェリオン,ico,5,12625,882,2695,5,0,1,0,0,0,n/a,,,,
342,Kaminue,ヤトトノカミヌエ,ico,5,9750,1371,1605,5,0,5,6,0,0,n/a,,,,
343,King Gold Dragon,キングゴールドドラゴン,ico,5,10000,600,500,5,0,1,0,0,0,n/a,,,,
344,Lightning Holy Dragon,ライトニングホーリードラゴン,ico,5,13745,1210,1820,5,0,1,0,0,0,n/a,,,,
345,Great Valkyrie,白盾の女神・ヴァルキリー,ico,5,17375,1268,2315,5,0,4,0,0,0,n/a,,,,
346,"Verche, the Knight of the Sky",天空の騎士・ヴァーチェ,ico,5,-1,-1,-1,5,0,2,6,0,0,n/a,,,,
347,"Purple Stone Dragon, Damascus",紫石龍・ダマスカス,ico,5,-1,-1,-1,4,1,1,0,0,0,n/a,,,,
348,"Master of the Masquerade, Pumpkin Joker",仮装祭の主・パンプキンジョーカー,ico,5,11705,1033,2360,4,2,1,7,0,0,Halloween Event,,,,
349,"Purple Sky Fruit, Grape Dragon ",紫天の果実・ぶどうドラゴン,ico,5,-1,-1,-1,4,3,1,0,0,0,n/a,,,,
350,"Devil Lion, Jenelion",魔獅子・ジェネリオン,ico,5,-1,-1,-1,4,5,5,6,0,0,n/a,,,,
351,Shadow Dragon Knight,シャドウドラゴンナイト,ico,5,11750,1359,1210,4,4,1,0,0,0,n/a,,,,
352,"Thorn Princess, Sleeping Beauty",イバラの王女・ねむり姫,ico,5,-1,-1,-1,4,4,2,7,0,0,n/a,,,,
353,Chaos Dragon Knight,カオスドラゴンナイト,ico,5,-1,-1,-1,4,0,2,1,0,0,n/a,,,,
354,Chaos Devil Dragon,カオスデビルドラゴン,ico,5,16415,1454,775,4,0,1,7,0,0,n/a,,,,
355,Duke Vampire Lord,魔王・ヴァンパイアロード,ico,5,17375,1268,2315,4,0,2,7,0,0,n/a,,,,
356,"Witch of the Night, Lilith",常夜の魔女・リリス,ico,5,11215,1069,3095,4,0,4,7,0,0,n/a,,,,
357,Nikaku,冥神の芯鉄・ニカク,ico,5,-1,-1,-1,4,0,5,3,0,0,n/a,,,,
358,"Holy Rites Mistress, Echidna",聖祭の女傑・エキドナ,ico,4,5108,1349,2600,1,3,4,0,0,0,Christmas Event,,,,
359,Agdrall,アグドラール,ico,4,9408,1063,1620,1,0,1,0,0,0,n/a,,,,
360,Echidna,エキドナ,ico,4,4904,1079,2080,1,0,4,0,0,0,n/a,,,,
361,Gigas,ギガンテス,ico,4,22236,1074,0,1,0,3,0,0,0,n/a,,,,
362,Machine Blaze,マシンブレイズ,ico,4,21920,824,20,1,0,3,0,0,0,n/a,,,,
363,Phoenix,フェニックス,ico,4,3952,1543,2024,1,0,5,0,0,0,n/a,,,,
364,Phoenix Knight,フェニックスナイト,ico,4,11204,1273,1556,1,0,2,6,0,0,n/a,,,,
365,Red Troll,炎槌・レッドトロール,ico,4,8100,799,28,1,0,3,0,0,0,n/a,,,,
366,Tyrannos,ティラノス,ico,4,9267,1093,832,1,0,1,0,0,0,n/a,,,,
367,Berserk,ベルセルク,ico,4,19772,1309,516,2,0,3,0,0,0,n/a,,,,
368,Blue Troll,氷槌・ブルートロール,ico,4,8640,788,28,2,0,3,0,0,0,n/a,,,,
369,Fenrir Knight,フェンリルナイト,ico,4,10256,1353,1304,2,0,2,7,0,0,n/a,,,,
370,Kraken,クラーケン,ico,4,10444,1629,-200,2,0,5,0,0,0,n/a,,,,
371,Machine Blizzard,マシンブリザード,ico,4,22060,806,28,2,0,3,0,0,0,n/a,,,,
372,Plesios,プレシオス,ico,4,9484,1040,952,2,0,1,0,0,0,n/a,,,,
373,Shardran,シャードラン,ico,4,11548,860,1572,2,0,1,0,0,0,n/a,,,,
374,Siren,セイレーン,ico,4,8204,1007,2348,2,0,4,0,0,0,n/a,,,,
375,Brachys,ブラキオス,ico,4,9628,1018,1028,3,0,1,0,0,0,n/a,,,,
376,Dragon Knight,ドラゴンナイト,ico,4,10744,1312,1344,3,0,2,1,0,0,n/a,,,,
377,Green Troll,樹槌・グリーントロール,ico,4,8372,770,28,3,0,3,0,0,0,n/a,,,,
378,Griffin,グリフォン,ico,4,3740,1639,1860,3,0,5,0,0,0,n/a,,,,
379,Highlander,ハイランダー,ico,4,14336,1386,1512,3,0,3,0,0,0,n/a,,,,
380,Machine Storm,マシンストーム,ico,4,24424,907,32,3,0,3,0,0,0,n/a,,,,
381,Mandrake,アルラウネ,ico,4,9484,866,2436,3,0,4,0,0,0,n/a,,,,
382,Angel,エンジェル,ico,4,6244,986,2484,5,0,4,6,0,0,n/a,,,,
383,Fairlion,フェアリオン,ico,4,9536,833,2036,5,0,1,0,0,0,n/a,,,,
384,Unicorn,ユニコーン,ico,4,3780,1419,2360,5,0,5,0,0,0,n/a,,,,
385,Valkyrie,ヴァルキリー,ico,4,11080,1589,2624,5,0,4,0,0,0,n/a,,,,
386,Verche,ヴァーチェ,Ico,4,10460,1297,1512,5,0,2,6,0,0,n/a,,,,
387,Cerebus,ケルベロス,ico,4,9420,1712,-200,4,0,5,0,0,0,n/a,,,,
388,Dark Dragon Knight,ダークドラゴンナイト,ico,4,11024,1336,1260,4,0,2,1,0,0,n/a,,,,
389,Dragon Samurai,ドラゴン・サムライ,ico,4,13948,1312,192,4,0,1,0,0,0,n/a,,,,
390,Lilith,リリス,ico,4,8472,1010,2340,4,0,4,0,0,0,n/a,,,,
391,Pierdrawn,ピエドラウン,ico,4,10032,922,1688,4,0,1,0,0,0,n/a,,,,
392,Red Carbuncle,レッドカーバンクル,ico,3,2970,583,1350,1,4,4,0,0,0,n/a,,,,
393,Red Chaser,レッドチェイサー,ico,3,4965,993,45,1,0,3,0,0,0,n/a,,,,
394,Entetsu,烈火のエンテツ,ico,3,7224,1548,3,1,0,5,0,0,0,n/a,,,,
395,Flame Chimera,フレイムキメラ,ico,3,2223,1352,258,1,0,5,0,0,0,n/a,,,,
396,Flame Golem,フレイムゴーレム,ico,3,13701,914,285,1,0,3,0,0,0,n/a,,,,
397,Galbowl,カルドン,ico,3,9285,997,12,1,0,7,0,0,0,n/a,,,,
398,Mega Flamie,メガ・ホノりん,ico,3,3360,681,330,1,0,5,0,0,0,n/a,,,,
399,Mystic Flame Knight,炎の魔剣士,ico,3,8403,1273,1167,1,0,2,0,0,0,n/a,,,,
400,Naga,ナーガ,ico,3,3678,1079,1560,1,0,4,0,0,0,n/a,,,,
401,Ouka,オウカ,ico,3,9486,1207,483,1,0,1,0,0,0,n/a,,,,
402,Red Fairy,レッドフェアリー,ico,3,3759,615,1545,1,0,4,0,0,0,n/a,,,,
403,Titan,タイタン,ico,3,19620,1263,0,1,0,3,0,0,0,n/a,,,,
404,"Old Castle Lanturn, Flemin",古城の燭台・フレミン,ico,3,6462,769,0,1,0,7,0,0,0,Halloween Event,,,,
405,Blue Carbuncle,ブルーカーバンクル,ico,3,3105,557,1440,2,3,4,0,0,0,n/a,,,,
406,"Bewitching Demon Bird, Cockatrice",奇術の珍鳥・コカトリス,ico,3,3024,624,1206,2,4,4,0,0,0,Halloween Event,,,,
407,Blue Chaser,ブルーチェイサー,ico,3,5130,953,75,2,0,3,0,0,0,n/a,,,,
408,Blue Fairy,ブルーフェアリー,ico,3,3789,595,1572,2,0,4,0,0,0,n/a,,,,
409,Bubble Chimera,バブルキメラ,ico,3,2250,1338,279,2,0,5,0,0,0,n/a,,,,
410,Ice Golem,アイスゴーレム,ico,3,13788,896,291,2,0,3,0,0,0,n/a,,,,
411,Kagenue,カゲヌエ,ico,3,5781,1316,855,2,0,5,0,0,0,n/a,,,,
412,Mega Bubblie,メガ・アワりん,ico,3,4158,551,366,2,0,3,0,0,0,n/a,,,,
413,Mermaid,マーメイド,ico,3,5790,948,1659,2,0,4,0,0,0,n/a,,,,
414,Mizuha,ミズハ,ico,3,10221,1182,452,2,0,1,0,0,0,n/a,,,,
415,Mystic Ice Knight,氷の魔剣士,ico,3,7693,1420,978,2,0,2,0,0,0,n/a,,,,
416,Tunabowl,ツナドン,ico,3,9219,1006,15,2,0,7,0,0,0,n/a,,,,
417,Green Carbuncle,グリーンカーバンクル,ico,3,2835,572,1395,3,1,4,0,0,0,n/a,,,,
418,Dryad,ドリヤード,ico,3,6693,815,1722,3,0,4,0,0,0,n/a,,,,
419,Earth Knight,アースナイト,ico,3,8817,1530,1503,3,0,2,0,0,0,n/a,,,,
420,Enju,エンジュ,ico,3,7590,1088,1170,3,0,1,0,0,0,n/a,,,,
421,Earth Golem,アースゴーレム,ico,3,13737,906,291,3,0,3,0,0,0,n/a,,,,
422,Green Chaser,グリーンチェイサー,ico,3,5025,973,63,3,0,3,0,0,0,n/a,,,,
423,Green Fairy,グリーンフェアリー,ico,3,3789,608,1545,3,0,4,0,0,0,n/a,,,,
424,Kuninue,クニヌエ,ico,3,6069,1304,810,3,0,5,0,0,0,n/a,,,,
425,Leaf Chimera,リーフキメラ,ico,3,2313,1323,315,3,0,5,0,0,0,n/a,,,,
426,Mega Woodsie,メガ・モリりん,ico,3,3516,580,429,3,0,2,0,0,0,n/a,,,,
427,Mysic Stone Knight,岩の魔剣士,ico,3,8058,1311,1008,3,0,2,0,0,0,n/a,,,,
428,Shintetsu,仙境のシンテツ,ico,3,7350,1514,3,3,0,5,0,0,0,n/a,,,,
429,Soybowl,ソイドン,ico,3,9279,999,12,3,0,7,0,0,0,n/a,,,,
430,Festival Sage Treant,祝祭の賢樹・トレント,ico,3,6006,550,528,3,0,3,0,0,0,Chrismas Event,,,,
431,Yellow Carbuncle,イエローカーバンクル,ico,3,2700,530,1422,5,1,4,0,0,0,n/a,,,,
432,Chickenbowl,トリドン,ico,3,9204,999,27,5,0,7,0,0,0,n/a,,,,
433,Cupid,キューピッド,ico,3,4407,928,1753,5,0,4,0,0,0,n/a,,,,
434,Gold Dragon,ゴールドドラゴン,ico,3,5400,540,270,5,0,1,0,0,0,n/a,,,,
435,Kaminue,カミヌエ,ico,3,5526,1295,909,5,0,5,0,0,0,n/a,,,,
436,Machine Golem,マシンゴーレム,ico,3,13866,977,27,5,0,3,0,0,0,n/a,,,,
437,"Sprite of the Sanctuary, Pixie",聖堂の妖精・ピクシー,ico,3,3798,584,1125,5,0,4,0,0,0,Chrismas Event,,,,
438,Mega Shynee,メガ・ヒカりん,ico,3,3792,630,582,5,0,4,0,0,0,n/a,,,,
439,Mystic Light Knight,光の魔剣士,ico,3,7845,1297,1134,5,0,2,0,0,0,n/a,,,,
440,Volt Chimera,ボルトキメラ,ico,3,2154,1329,303,5,0,5,0,0,0,n/a,,,,
441,White Dragon,ホワイトドラゴン,ico,3,7788,1142,1029,5,0,1,0,0,0,n/a,,,,
442,Yellow Chaser,イエローチェイサー,ico,3,3819,943,573,5,0,3,0,0,0,n/a,,,,
443,Yellow Fairy,イエローフェアリー,ico,3,3735,600,1572,5,0,4,0,0,0,n/a,,,,
444,Purple Carbuncle,パープルカーバンクル,ico,3,2565,546,1368,4,2,4,0,0,0,n/a,,,,
445,Black Fairy,ブラックフェアリー,ico,3,3705,620,1545,4,0,4,0,0,0,n/a,,,,
446,Dark Golem,ダークゴーレム,ico,3,13623,1007,27,4,0,3,0,0,0,n/a,,,,
447,Mega Baddie,メガ・ワルりん,ico,3,3777,671,243,4,0,7,0,0,0,n/a,,,,
448,Meitetsu,暗獄のメイテツ,ico,3,6975,1616,3,4,0,5,0,0,0,n/a,,,,
449,Metal Dragon,メタルドラゴン,ico,3,5400,540,270,4,0,1,0,0,0,n/a,,,,
450,Mist Chimera,ミストキメラ,ico,3,2277,1315,267,4,0,5,0,0,0,n/a,,,,
451,Mystic Dark Knight,闇の魔剣士,ico,3,8268,1336,945,4,0,2,0,0,0,n/a,,,,
452,Sukibowl,スキドン,ico,3,9225,1003,12,4,0,7,0,0,0,n/a,,,,
453,Purple Chaser,パープルチェイサー,ico,3,4860,1003,63,4,0,3,0,0,0,n/a,,,,
454,Vampire,ヴァンパイア,ico,3,10425,1268,1389,4,0,2,0,0,0,n/a,,,,
455,"Master Candy Collector, Wicked Lady",菓子集めの達人・ダークレディ,ico,3,3384,911,585,4,0,7,0,0,0,Halloween Event,,,,
456,Low Fire Ninja,火の下忍,ico,2,1610,1417,526,1,0,5,0,0,0,n/a,,,,
457,Minotaur,ミノタウロス,ico,2,2700,973,0,1,0,5,0,0,0,n/a,,,,
458,Red Ogre,レッドオーガ,ico,2,3750,888,16,1,0,3,0,0,0,n/a,,,,
459,Pyro Devil,パイロデビル,ico,2,2028,1386,552,1,0,5,0,0,0,n/a,,,,
460,Red Goblin,レッドゴブリン,ico,2,3124,1158,76,1,0,5,0,0,0,n/a,,,,
461,Red Majiru,レッドマジル,ico,2,4352,529,442,1,0,3,0,0,0,n/a,,,,
462,Red Troll,レッドトロール,ico,2,3825,755,14,1,0,3,0,0,0,n/a,,,,
463,Blue Goblin,ブルーゴブリン,ico,2,3200,1153,64,2,0,5,0,0,0,n/a,,,,
464,Blue Ogre,ブルーオーガ,ico,2,4000,875,40,2,0,3,0,0,0,n/a,,,,
465,Blue Troll,ブルートロール,ico,2,4080,744,14,2,0,3,0,0,0,n/a,,,,
466,Cockatrice,コカトリス,ico,2,1710,620,778,2,0,4,0,0,0,n/a,,,,
467,Frost Devil,フロストデビル,ico,2,2072,1366,568,2,0,5,0,0,0,n/a,,,,
468,Low Water Ninja,水の下忍,ico,2,1332,1289,784,2,0,5,0,0,0,n/a,,,,
469,Brachy,ブラッキィ,ico,2,5348,1131,572,3,0,1,0,0,0,n/a,,,,
470,Centaur,ケンタウロス,ico,2,2126,890,340,3,0,2,0,0,0,n/a,,,,
471,Goblin,ゴブリン,ico,2,3366,1170,56,3,0,5,0,0,0,n/a,,,,
472,Green Troll,グリーントロール,ico,2,3954,728,14,3,0,3,0,0,0,n/a,,,,
473,Low Wood Ninja,木の下忍,ico,2,3024,1243,402,3,0,5,0,0,0,n/a,,,,
474,Ogre,オーガ,ico,2,3876,856,16,3,0,3,0,0,0,n/a,,,,
475,Taur Devil,タウロスデビル,ico,2,1996,1378,556,3,0,5,0,0,0,n/a,,,,
476,Cyclops,サイクロプス,ico,2,3270,803,0,5,0,3,0,0,0,n/a,,,,
477,Harpie Devil,ハーピィデビル,ico,2,1976,1349,560,5,0,5,0,0,0,n/a,,,,
478,Low Light Ninja,光の下忍,ico,2,4864,1287,0,5,0,5,0,0,0,n/a,,,,
479,Blood Devil,ブラッドデビル,ico,2,1944,1392,552,4,0,5,0,0,0,n/a,,,,
480,Wicked Lady,ダークレディ,ico,2,1870,903,390,4,0,7,0,0,0,n/a,,,,
481,Low Dark Ninja,闇の下忍,ico,2,888,1542,632,4,0,5,0,0,0,n/a,,,,
482,Flamie,ホノりん,ico,1,1057,643,104,1,0,5,0,0,0,n/a,,,,
483,Tyrra-Bean,まめティラ,ico,1,2059,971,185,1,0,1,0,0,0,n/a,,,,
484,Will-O'-Wisp,ウィルオーウィスプ,ico,1,1268,1091,354,1,0,5,0,0,0,n/a,,,,
485,Bubblie,アワりん,ico,1,1309,520,115,2,0,3,0,0,0,n/a,,,,
486,Kelpie,ケルピー,ico,1,1498,850,413,2,0,2,0,0,0,n/a,,,,
487,Plessie-Bean,まめプレシィ,ico,1,2107,925,211,2,0,1,0,0,0,n/a,,,,
488,Brachy-Bean,まめブラッキィ,ico,1,2139,905,229,3,0,1,0,0,0,n/a,,,,
489,Treant,トレント,ico,1,1892,558,473,3,0,3,0,0,0,n/a,,,,
490,Pixie,ピクシー,ico,1,1219,665,615,5,0,4,0,0,0,n/a,,,,
491,Baddie,ワルりん,ico,1,1189,634,77,4,0,7,0,0,0,n/a,,,,
492,Werewolf,ワーウルフ,ico,1,1291,1138,323,4,0,5,0,0,0,n/a,,,,
